Abbrev,Team
ATL,Atlanta Hawks
BOS,Boston Celtics
CHO,Charlotte Hornets
CHI,Chicago Bulls
CLE,Cleveland Cavaliers
DAL,Dallas Mavericks
DEN,Denver Nuggets
DET,Detroit Pistons
GSW,Golden State Warriors
HOU,Houston Rockets
IND,Indiana Pacers
LAC,Los Angeles Clippers
LAL,Los Angeles Lakers
MEM,Memphis Grizzlies
MIA,Miami Heat
MIL,Milwaukee Bucks
MIN,Minnesota Timberwolves
NOP,New Orleans Pelicans
NYK,New York Knicks
BRK,Brooklyn Nets
OKC,Oklahoma City Thunder
ORL,Orlando Magic
PHI,Philadelphia 76ers
PHO,Phoenix Suns
POR,Portland Trail Blazers
SAS,San Antonio Spurs
SAC,Sacramento Kings
TOR,Toronto Raptors
UTA,Utah Jazz
WAS,Washington Wizards